keyword,category
petro,regulaciones
universidad,innovacion
bogota,regulaciones
agua,sostenibilidad
produccion,macroeconomia
compania,reputacion
servicio,reputacion
banco,macroeconomia
dolares,macroeconomia
mexico,macroeconomia
energia,sostenibilidad
programa,sostenibilidad
noticias,reputacion
ministerio,macroeconomia
investigacion,innovacion
crecimiento,macroeconomia
negocios,alianzas
espana,macroeconomia
inversion,macroeconomia
mundial,macroeconomia
tecnologia,innovacion
america,macroeconomia
web,innovacion
clave,reputacion
partido,macroeconomia
analisis,innovacion
capital,regulaciones
ley,regulaciones
precios,macroeconomia
calidad,sostenibilidad
gustavo,macroeconomia
ministro,macroeconomia
paz,alianzas
recursos,sostenibilidad
innovacion,innovacion
construccion,sostenibilidad
latinoamerica,macroeconomia
digital,innovacion
nombre,reputacion
educacion,regulaciones
gestion,regulaciones
publica,regulaciones
inflacion,macroeconomia
espanol,macroeconomia
comercio,macroeconomia
mujeres,regulaciones
condiciones,regulaciones
cargo,regulaciones
euro,macroeconomia
transporte,regulaciones
historia,reputacion
marca,alianzas
clientes,reputacion
departamento,regulaciones
autoridades,regulaciones
colombiano,regulaciones
alianza,alianzas
relacionados,alianzas
policia,regulaciones
informe,reputacion
republica,macroeconomia
redes,alianzas
apoyo,alianzas
ejemplo,reputacion
sostenible,sostenibilidad
gracias,reputacion
pandemia,macroeconomia
alimentos,sostenibilidad
sociedad,alianzas
derechos,regulaciones
gas,sostenibilidad
interes,macroeconomia
entidad,reputacion
riesgo,reputacion
experiencia,reputacion
familia,alianzas
chile,macroeconomia
medellin,regulaciones
sostenibilidad,sostenibilidad
fundacion,alianzas
resultados,reputacion
control,regulaciones
evento,reputacion
comunidad,regulaciones
administracion,regulaciones
principales,reputacion
global,macroeconomia
anuncio,reputacion
estudio,innovacion
brasil,macroeconomia
agencia,alianzas
poblacion,regulaciones
politico,regulaciones
impacto,reputacion
capacidad,reputacion
congreso,regulaciones
economica,macroeconomia
economico,macroeconomia
fondo,alianzas
participacion,alianzas
reforma,regulaciones
organizacion,alianzas
proteccion,sostenibilidad
futuro,sostenibilidad
comision,alianzas
medidas,regulaciones
colombianos,regulaciones
derecho,regulaciones
usuarios,reputacion
ambiente,sostenibilidad
dinero,macroeconomia
jovenes,sostenibilidad
instituto,innovacion
cultura,sostenibilidad
camara,regulaciones
encuentro,alianzas
principal,reputacion
trabajadores,reputacion
vehiculos,sostenibilidad
mejores,reputacion
crisis,reputacion
duque,regulaciones
relacion,alianzas
internacionales,macroeconomia
compromiso,alianzas
contrato,alianzas
mejorar,reputacion
europa,macroeconomia
comunicado,reputacion
colombiana,regulaciones
politicas,regulaciones
relaciones,alianzas
infraestructura,regulaciones
informo,reputacion
mujer,sostenibilidad
guerra,macroeconomia
beneficios,reputacion
mayores,reputacion
mercados,macroeconomia
formacion,innovacion
plataforma,alianzas
aire,sostenibilidad
demanda,reputacion
equipos,alianzas
twitter,reputacion
oportunidades,reputacion
estrategia,alianzas
justicia,regulaciones
campana,reputacion
ambiental,sostenibilidad
importantes,reputacion
empleo,regulaciones
comunidades,regulaciones
asociacion,alianzas
inversiones,macroeconomia
trabajar,regulaciones
lopez,regulaciones
entidades,alianzas
grupos,alianzas
tasa,macroeconomia
estudios,innovacion
generacion,sostenibilidad
covid,regulaciones
propuesta,regulaciones
fiscal,regulaciones
latina,macroeconomia
nacion,macroeconomia
peru,macroeconomia
financiera,macroeconomia
ejecutivo,regulaciones
conjunto,alianzas
publicos,regulaciones
organizaciones,alianzas
regional,regulaciones
laboral,regulaciones
instituciones,alianzas
ivan,regulaciones
importancia,reputacion
comunicacion,reputacion
conocimiento,innovacion
logro,reputacion
programas,regulaciones
resultado,reputacion
ciudades,sostenibilidad
estadounidense,macroeconomia
reducir,sostenibilidad
superior,reputacion
popular,reputacion
tecnologias,innovacion
fondos,macroeconomia
verde,sostenibilidad
nacionales,regulaciones
exito,reputacion
empresarial,macroeconomia
grande,reputacion
cantidad,reputacion
publicas,regulaciones
miembros,alianzas
creacion,innovacion
historico,reputacion
sistemas,alianzas
institucion,alianzas
cifras,reputacion
financiero,macroeconomia
objetivos,reputacion
tecnico,innovacion
humanos,sostenibilidad
legal,regulaciones
prensa,reputacion
representantes,regulaciones
expertos,reputacion
companias,alianzas
industrial,alianzas
secretario,regulaciones
responsabilidad,reputacion
desarrollar,innovacion
ciudadanos,regulaciones
naturales,sostenibilidad
manifesto,reputacion
garantizar,regulaciones
transformacion,reputacion
union,alianzas
aplicacion,innovacion
responsable,reputacion
dialogo,alianzas
articulo,regulaciones
senala,reputacion
comerciales,macroeconomia
recuperacion,sostenibilidad
confianza,reputacion
marcha,reputacion
exterior,macroeconomia
lucha,reputacion
fortalecer,regulaciones
reduccion,sostenibilidad
tecnica,alianzas
efecto,reputacion
opinion,reputacion
decisiones,regulaciones
lideres,regulaciones
cifra,reputacion
iniciativas,regulaciones
naciones,regulaciones
regiones,regulaciones
promover,regulaciones
economicos,macroeconomia
vision,reputacion
impulsar,alianzas
economicas,macroeconomia
aumentar,regulaciones
alcanzar,reputacion
ayudar,alianzas
decadas,reputacion